{
  "version": "1",
  "cognitoConfig": {
    "identityPoolName": "project1c2f7990f_identitypool_c2f7990f",
    "allowUnauthenticatedIdentities": true,
    "resourceNameTruncated": "projecc2f7990f",
    "userPoolName": "project1c2f7990f_userpool_c2f7990f",
    "autoVerifiedAttributes": [
      "email"
    ],
    "mfaConfiguration": "OFF",
    "mfaTypes": [
      "SMS Text Message"
    ],
    "smsAuthenticationMessage": "Your authentication code is {####}",
    "smsVerificationMessage": "Your verification code is {####}",
    "emailVerificationSubject": "Your verification code",
    "emailVerificationMessage": "Your verification code is {####}",
    "defaultPasswordPolicy": false,
    "passwordPolicyMinLength": 8,
    "passwordPolicyCharacters": [],
    "requiredAttributes": [
      "email"
    ],
    "aliasAttributes": [],
    "userpoolClientGenerateSecret": false,
    "userpoolClientRefreshTokenValidity": 30,
    "userpoolClientWriteAttributes": [
      "email"
    ],
    "userpoolClientReadAttributes": [
      "email"
    ],
    "userpoolClientLambdaRole": "projecc2f7990f_userpoolclient_lambda_role",
    "userpoolClientSetAttributes": false,
    "sharedId": "c2f7990f",
    "resourceName": "project1c2f7990f",
    "authSelections": "identityPoolAndUserPool",
    "useDefault": "defaultSocial",
    "userPoolGroupList": [],
    "serviceName": "Cognito",
    "usernameCaseSensitive": false,
    "useEnabledMfas": true,
    "authRoleArn": {
      "Fn::GetAtt": [
        "AuthRole",
        "Arn"
      ]
    },
    "unauthRoleArn": {
      "Fn::GetAtt": [
        "UnauthRole",
        "Arn"
      ]
    },
    "breakCircularDependency": true,
    "dependsOn": [],
    "hostedUI": true,
    "hostedUIDomainName": "project140d099f8-40d099f8",
    "authProvidersUserPool": [],
    "hostedUIProviderMeta": "[]",
    "oAuthMetadata": "{\"AllowedOAuthFlows\":[\"code\"],\"AllowedOAuthScopes\":[\"phone\",\"email\",\"openid\",\"profile\",\"aws.cognito.signin.user.admin\"],\"CallbackURLs\":[\"myapp://callback/\"],\"LogoutURLs\":[\"myapp://signout/\"]}",
    "authProviders": []
  }
}