{
    "UserAgent": "aws-amplify-cli/0.1.0",
    "Version": "0.1.0",
    "IdentityManager": {
        "Default": {}
    },
    "CredentialsProvider": {
        "CognitoIdentity": {
            "Default": {
                "PoolId": "us-west-1:d593ecb0-64c4-4e75-8ce3-7a3591074fbe",
                "Region": "us-west-1"
            }
        }
    },
    "CognitoUserPool": {
        "Default": {
            "PoolId": "us-west-1_AoDoCj2HJ",
            "AppClientId": "58puessqgitsms4h6cr1jrcvs5",
            "Region": "us-west-1"
        }
    },
    "Auth": {
        "Default": {
            "authenticationFlowType": "USER_SRP_AUTH",
            "socialProviders": [],
            "usernameAttributes": [],
            "signupAttributes": [
                "EMAIL"
            ],
            "passwordProtectionSettings": {
                "passwordPolicyMinLength": 8,
                "passwordPolicyCharacters": []
            },
            "mfaConfiguration": "OFF",
            "mfaTypes": [
                "SMS"
            ],
            "verificationMechanisms": [
                "EMAIL"
            ]
        }
    },
    "S3TransferUtility": {
        "Default": {
            "Bucket": "storagebucketname30009-dev",
            "Region": "us-west-1"
        }
    }
}